,dataset,model_name,batch_size,window_size,CGAR,arithmetic_return,average_return,daily_return_variance,daily_return_variance_log,time_weighted_return,total_return,sharp_ratio,value_at_risk,volatility,final_portfolio_value
0,AAPL,CNNEncoder_SC_Agent,64,15,-0.0232701302886662,-5.819463386622925,-0.0090929115415983,2.8670002829850336,2.86971287209496,,-13.91154657415018,-0.0053001860846166,-2.7974094994500653,42.83550141075066,860.8845342584982
1,AAPL,MLPEncoder_Agent,32,15,0.0361723529141322,32.53589679003065,0.0508373387344228,2.953585320305121,2.9711768385722976,,25.93711046876924,0.0297043615789016,-2.7792704392509395,43.47751838588855,1259.3711046876924
2,AAPL,MLPEncoder_SC_Agent,32,15,0.0452436034376058,32.85151884981653,0.0513304982028383,1.2431421419745894,1.2475056072486184,,33.46176584635218,0.0462295178573968,-1.7847368570523758,28.206576730679977,1334.6176584635218
3,AAPL,DQN_SC_Agent,32,15,0.0037784143413155,6.207439815468028,0.0096991247116687,1.2199398902754832,1.209780861088124,,2.360700559393513,0.0089153871771227,-1.809153163051345,27.942110331474773,1023.6070055939352
4,AAPL,GRUEncoder_SC_Agent,64,15,0.1456793940503686,109.2559632429933,0.170712442567177,5.02696497681394,5.048032631491888,,153.65907007537277,0.0763190366906675,-3.5214529243866046,56.72087433353722,2536.590700753728
5,AAPL,CNN_Predictor,32,15,-0.0107340785390763,-6.84137460146918,-0.0106896478147955,0.0351929108697603,0.03559957398978,,-6.718698938188037,-0.0563701187772679,-0.3196166067782799,4.745889058611321,932.8130106181196
6,AAPL,CNN_Predictor,64,15,-0.0107340785390763,-6.84137460146918,-0.0106896478147955,0.0351929108697603,0.03559957398978,,-6.718698938188037,-0.0563701187772679,-0.3196166067782799,4.745889058611321,932.8130106181196
7,AAPL,DQN_Agent,64,15,0.0093684947543914,18.532498755291385,0.0289570293051427,3.9432977177887834,3.9573276209007617,,6.08885719676207,0.0146719553440006,-3.2411201149299877,50.2365458544357,1060.8885719676207
8,AAPL,CNNEncoder_Agent,32,15,0.0050996704555217,5.009831486815104,0.0078278616981486,0.5749469777526343,0.5722561769169403,,3.2298978689292426,0.0105149259525724,-1.240826136739836,19.18244160063275,1032.2989786892924
9,AAPL,DQN_Agent,32,15,0.0246726997944257,26.34606520649109,0.0411657268851423,3.3055193259073854,3.3451371150131144,,17.00389940982659,0.0227506027237128,-2.952808550583861,45.99491676892922,1170.038994098266
10,AAPL,CNN_SC_Predictor,64,15,-0.0107340785390763,-6.84137460146918,-0.0106896478147955,0.0351929108697603,0.03559957398978,,-6.718698938188037,-0.0563701187772679,-0.3196166067782799,4.745889058611321,932.8130106181196
11,AAPL,MLP_SC_Predictor,32,15,-0.0062912914250645,-3.943164169144364,-0.006161194014288,0.052723396012029,0.0525790762880387,,-4.028053131195202,-0.0262988354124748,-0.3842814146158038,5.808870238497208,959.719468688048
12,AAPL,GRUEncoder_Agent,32,15,-0.0158073032120786,-9.357811608066717,-0.0146215806376042,0.2535455601613071,0.2696699521733758,,-9.699163574171823,-0.0288201904615982,-0.8438157116138502,12.738491217692795,903.0083642582816
13,AAPL,DQN_SC_Agent,64,15,-0.0406396977709722,-20.5333199631584,-0.0320833124424349,1.7250603027207714,1.7498470878825498,,-22.97157345665313,-0.0243645645395271,-2.1949530052056483,33.22707621415543,770.2842654334687
14,AAPL,CNNEncoder_SC_Agent,32,15,0.102371749698249,76.01533592367478,0.1187739623807418,3.309295934998453,3.3149854366305576,,92.32093787166887,0.065466819687713,-2.876910158773367,46.0211842350782,1923.209378716689
15,AAPL,GRU_SC_Predictor,64,15,-0.0107340785390763,-6.84137460146918,-0.0106896478147955,0.0351929108697603,0.03559957398978,,-6.718698938188037,-0.0563701187772679,-0.3196166067782799,4.745889058611321,932.8130106181196
16,AAPL,MLP_Predictor,32,15,-0.0107340785390763,-6.84137460146918,-0.0106896478147955,0.0351929108697603,0.03559957398978,,-6.718698938188037,-0.0563701187772679,-0.3196166067782799,4.745889058611321,932.8130106181196
17,AAPL,MLPEncoder_Agent,64,15,0.1388957074633934,100.2845130737533,0.1566945516777395,3.5926134932684044,3.5905529009874764,,142.89693428998604,0.0828706089824696,-2.9645907183473503,47.95073133636002,2428.9693428998603
18,AAPL,GRU_Predictor,64,15,-0.0107340785390763,-6.84137460146918,-0.0106896478147955,0.0351929108697603,0.03559957398978,,-6.718698938188037,-0.0563701187772679,-0.3196166067782799,4.745889058611321,932.8130106181196
19,AAPL,CNNEncoder_Agent,64,15,0.1731509343660509,124.79786846469004,0.1949966694760782,4.390317201494336,4.407713410419789,,202.33302648019423,0.093273776316523,-3.255456712205395,53.00757501486345,3023.330264801942
20,AAPL,CNN_SC_Predictor,32,15,-0.0107340785390763,-6.84137460146918,-0.0106896478147955,0.0351929108697603,0.03559957398978,,-6.718698938188037,-0.0563701187772679,-0.3196166067782799,4.745889058611321,932.8130106181196
21,AAPL,GRUEncoder_SC_Agent,32,15,0.0342996802248807,23.22777605447864,0.0362934000851228,0.4295816464500256,0.4241268604369995,,24.43727522057345,0.0556645695336264,-1.043028709613377,16.58108119900558,1244.3727522057343
22,AAPL,MLP_Predictor,64,15,-0.0107340785390763,-6.84137460146918,-0.0106896478147955,0.0351929108697603,0.03559957398978,,-6.718698938188037,-0.0563701187772679,-0.3196166067782799,4.745889058611321,932.8130106181196
23,AAPL,MLP_SC_Predictor,64,15,-0.0107340785390763,-6.84137460146918,-0.0106896478147955,0.0351929108697603,0.03559957398978,,-6.718698938188037,-0.0563701187772679,-0.3196166067782799,4.745889058611321,932.8130106181196
24,AAPL,MLPEncoder_SC_Agent,64,15,0.1049992403309163,81.98597237252213,0.1281030818320658,4.637339609506773,4.664327228996829,,95.57893360104516,0.0596426227198913,-3.418092345946752,54.47841178012016,1955.7893360104515
25,AAPL,GRUEncoder_Agent,64,15,0.0329241575536265,23.42787092141262,0.0366060483147072,0.7616011056349697,0.7657127127294415,,23.34698355781336,0.0421642704880604,-1.4005105235991764,22.077697063017705,1233.4698355781336
26,AAPL,GRU_SC_Predictor,32,15,-0.0107340785390763,-6.84137460146918,-0.0106896478147955,0.0351929108697603,0.03559957398978,,-6.718698938188037,-0.0563701187772679,-0.3196166067782799,4.745889058611321,932.8130106181196
27,AAPL,GRU_Predictor,32,15,-0.0107340785390763,-6.84137460146918,-0.0106896478147955,0.0351929108697603,0.03559957398978,,-6.718698938188037,-0.0563701187772679,-0.3196166067782799,4.745889058611321,932.8130106181196
28,S&P,MLP_Predictor,64,15,0.0180451510414902,17.135795013332228,0.0265259984726505,1.3508855608881023,1.3569688515350224,,13.615473548804175,0.0213850769506644,-1.887454437865868,29.541023549188576,1136.1547354880418
29,S&P,CNNEncoder_SC_Agent,32,15,0.0460636187784357,35.18175828170192,0.0544609261326655,1.3351686146864168,1.3394082685777882,,36.15051626144068,0.0457390547471193,-1.848352784253402,29.368672511494715,1361.5051626144068
30,S&P,MLPEncoder_Agent,32,15,0.0187764952234381,16.568786376903518,0.0256482761252376,1.0291800236779352,1.034367484796736,,14.15341868519956,0.0236384213801249,-1.6449571531923215,25.78469110336492,1141.5341868519956
31,S&P,GRU_Predictor,64,15,-0.006957467937374,-3.0900931935948077,-0.0047834259962767,0.0918443954075073,0.0916121352062142,,-3.329166154573488,-0.0217441913741235,-0.5038454738028808,7.702692998766712,966.7083384542652
32,S&P,CNNEncoder_Agent,32,15,0.0318116715374072,22.41597263963984,0.034699648048978,0.2364150146318906,0.2336282694720986,,24.179644931996062,0.0681825093381276,-0.7659928177386628,12.358159225879934,1241.7964493199606
33,S&P,GRUEncoder_SC_Agent,64,15,0.0193824711430368,18.27614385469859,0.0282912443571185,1.4361937935893168,1.442881355813197,,14.601074380440265,0.0222155598777049,-1.945197879584137,30.45950082747087,1146.0107438044026
34,S&P,GRU_SC_Predictor,64,15,-0.0010765109368704,0.5014639229605486,0.0007762599426633,0.0271490169568554,0.0273831322347901,,0.4142621562692398,-0.0059896591767629,-0.2705583970966911,4.187871172102673,1004.1426215626924
35,S&P,GRUEncoder_SC_Agent,32,15,0.0313224886764995,25.984387058186773,0.0402235093779981,1.4358970057536735,1.440555714701607,,23.787965039066037,0.032196972430875,-1.9330616943714092,30.45635345403112,1237.8796503906603
36,S&P,MLP_SC_Predictor,64,15,0.0249126093758933,21.288708481498382,0.0329546570921027,1.263765376496782,1.2686030995071118,,18.768231777575057,0.0278423104638276,-1.8182798667736635,28.57258184373476,1187.6823177757506
37,S&P,DQN_Agent,32,15,0.0197846222673714,16.26626287936017,0.0251799734974615,0.7349146036002415,0.7378820683293891,,14.899124698814104,0.0274357041237298,-1.3865338040013309,21.788869496276213,1148.991246988141
38,S&P,GRU_Predictor,32,15,0.0256253832074282,19.456120908138026,0.0301178342231238,0.5566029137931523,0.5556288947207204,,19.316224532959016,0.0381774961589358,-1.1984551248479638,18.96221195721576,1193.1622453295902
39,S&P,DQN_Agent,64,15,0.0540339076013918,37.58806104145479,0.0581858530053479,0.4894416354823239,0.4867005054486348,,43.34055759063106,0.0809716074412279,-1.093883622316571,17.781431228154307,1433.4055759063106
40,S&P,CNN_SC_Predictor,32,15,0.0170246486096203,13.33768510774189,0.0206465713742134,0.3820232304335856,0.381426233414018,,12.869063626087131,0.0307341653820623,-0.9971783980696334,15.70945596957757,1128.690636260871
41,S&P,MLPEncoder_Agent,64,15,0.0301648987961478,24.283317354485856,0.0375902745425477,1.1398281306592295,1.1452428823854588,,22.86600978819406,0.0336712032756722,-1.7205272382984993,27.13538229702803,1228.6600978819406
42,S&P,CNN_Predictor,64,15,-0.0131578680258925,-3.833867084072239,-0.0059347787679136,1.0997132866093633,1.1049775757586775,,-7.125127652501464,-0.0073230588357471,-1.7328378050865223,26.653607319641534,928.7487234749854
43,S&P,CNNEncoder_Agent,64,15,0.0126049940683437,10.736214836582928,0.0166195276108094,0.4611530441131686,0.4598819896069852,,9.692574814102386,0.0220105698273969,-1.101660978657811,17.2599208137554,1096.925748141024
44,S&P,MLP_Predictor,32,15,-0.0010765109368704,0.5014639229605486,0.0007762599426633,0.0271490169568554,0.0273831322347901,,0.4142621562692398,-0.0059896591767629,-0.2705583970966911,4.187871172102673,1004.1426215626924
45,S&P,GRU_SC_Predictor,32,15,0.0001686500316733,1.389724178373671,0.0021512758179158,0.0529753230443016,0.0534831800532141,,1.2252292718639637,0.0018850337721632,-0.3768712499283254,5.849962280785992,1012.2522927186396
46,S&P,MLP_SC_Predictor,32,15,0.0084798252286688,7.716912679058721,0.0119456852617008,0.3506399268584491,0.3502869120971538,,6.808327582029142,0.0173321387259682,-0.9631761872820696,15.05036188104984,1068.0832758202914
47,S&P,MLPEncoder_SC_Agent,64,15,0.0013217301449097,3.7473088237891568,0.0058007876529243,0.552808854539917,0.553723045381543,,1.982055252696023,0.0054984499440901,-1.2185777546924714,18.897473906127946,1019.8205525269602
48,S&P,CNNEncoder_SC_Agent,64,15,0.0477977631473613,36.07876497556707,0.0558494813863267,1.2664815557784803,1.2699028390078382,,37.68360405688359,0.0482011982387549,-1.7973733806870755,28.603270530358905,1376.836040568836
49,S&P,GRUEncoder_Agent,32,15,0.0437373483807013,32.25020116420218,0.0499229120188888,0.8972866351388922,0.8938387305126106,,34.12068764667549,0.0510097243722395,-1.5099665136360212,24.075862732199734,1341.206876466755
50,S&P,DQN_SC_Agent,32,15,0.0291187937704329,23.43037664296086,0.0362699328838403,1.0878321545211116,1.088786719142861,,22.03874476675717,0.0331989557531924,-1.6812791637563986,26.509235594800504,1220.3874476675717
51,S&P,CNN_SC_Predictor,64,15,0.0136834051191803,13.726800617115051,0.0212489173639551,1.1686075489718486,1.1731277824369692,,10.459318910360322,0.0181020708494056,-1.758925510878976,27.4758162141876,1104.5931891036032
52,S&P,DQN_SC_Agent,64,15,0.0266087410774051,20.672126806191866,0.0320001962944146,0.7357147388902212,0.7361820317675685,,20.076393269143296,0.0353939211721374,-1.380481870964124,21.80072754114144,1200.763932691433
53,S&P,MLPEncoder_SC_Agent,32,15,0.0541805086044622,39.06098212300195,0.0604659165990742,0.913621921542095,0.9156326129762136,,43.476298008233,0.061607496197513,-1.5135585192794951,24.294027276600172,1434.76298008233
54,S&P,GRUEncoder_Agent,64,15,0.0249296441875879,20.139939662460364,0.0311763771864711,0.9062211586798704,0.9079618718035906,,18.781299076277875,0.0310158607527579,-1.536459930358521,24.195430736136856,1187.8129907627788
55,S&P,CNN_Predictor,32,15,0.0013410718810114,2.6682291152481192,0.004130385627319,0.2145399564122016,0.2150915862118153,,1.99479829372292,0.0052223752639803,-0.7586197763141249,11.772544832884783,1019.9479829372292
56,CSCO,CNN_Predictor,32,15,-0.0026407552523699,-2.781851919075081,-0.0050304736330471,0.0194939902037465,0.0197259340694012,,-2.7963108610203675,-0.020190134497553,-0.2349514453396707,3.2833179228749483,972.0368913897964
57,CSCO,DQN_SC_Agent,64,15,0.0153368237528983,7.571690212940467,0.0136920257015198,0.1682718027478903,0.1693534134182212,,7.363295276005897,0.039884647038044,-0.6618212495483757,9.646466032676596,1073.632952760059
58,CSCO,MLPEncoder_Agent,32,15,0.028593521636222,15.61144335361017,0.0282304581439605,0.4276241089410165,0.4250149724084493,,15.5278708401049,0.047229305920608,-1.0486296912115,15.377780471979111,1155.278708401049
59,CSCO,GRUEncoder_SC_Agent,32,15,0.0497627474544737,27.76929749638569,0.0502157278415654,0.5849655492838004,0.591743473839322,,29.869718140124498,0.0692272351934814,-1.2092703154753075,17.98571513045677,1298.697181401245
60,CSCO,GRU_SC_Predictor,64,15,-0.0156562428329842,-8.855542191743542,-0.0160136386830805,0.4239174697479376,0.4283050947731849,,-9.547356895400174,-0.0209197106853477,-1.0881965267736098,15.310988236250772,904.5264310459984
61,CSCO,MLP_SC_Predictor,32,15,0.0287137982106777,15.518523465311247,0.0280624294128594,0.3669223696170182,0.3686850452260372,,15.604715364247316,0.0507423791284821,-0.9694430942789116,14.244580386877356,1156.0471536424732
62,CSCO,DQN_Agent,32,15,0.0088083006980266,3.997459120984791,0.007228678338128,0.181382977875238,0.1823566271341337,,3.556772816733905,0.0230343839681975,-0.6941078808570635,10.015227744040905,1035.567728167339
63,CSCO,GRU_Predictor,64,15,-0.0026407552523699,-2.781851919075081,-0.0050304736330471,0.0194939902037465,0.0197259340694012,,-2.7963108610203675,-0.020190134497553,-0.2349514453396707,3.2833179228749483,972.0368913897964
64,CSCO,CNN_SC_Predictor,32,15,-0.0026407552523699,-2.781851919075081,-0.0050304736330471,0.0194939902037465,0.0197259340694012,,-2.7963108610203675,-0.020190134497553,-0.2349514453396707,3.2833179228749483,972.0368913897964
65,CSCO,GRU_Predictor,32,15,-0.0026407552523699,-2.781851919075081,-0.0050304736330471,0.0194939902037465,0.0197259340694012,,-2.7963108610203675,-0.020190134497553,-0.2349514453396707,3.2833179228749483,972.0368913897964
66,CSCO,MLP_Predictor,32,15,0.0595428354901894,36.360707251328606,0.0657517310150607,1.7355415399335343,1.746246727467759,,37.08293730800579,0.0519353247719501,-2.103678665798328,30.979904318497248,1370.8293730800578
67,CSCO,MLP_SC_Predictor,64,15,-0.006538678240775,-4.8981741374012735,-0.008857457752986,0.0335603381515555,0.0339856420165196,,-4.869259493646917,-0.036807813559322,-0.3105338867119093,4.308000347935247,951.3074050635308
68,CSCO,MLP_Predictor,64,15,-0.0026407552523699,-2.781851919075081,-0.0050304736330471,0.0194939902037465,0.0197259340694012,,-2.7963108610203675,-0.020190134497553,-0.2349514453396707,3.2833179228749483,972.0368913897964
69,CSCO,GRUEncoder_SC_Agent,64,15,0.0106528704683972,7.234171455346109,0.0130816843677144,0.9839187395784098,0.9859080052571982,,4.618402712453258,0.0157351483397586,-1.6203757828261762,23.326102610313207,1046.1840271245326
70,CSCO,CNNEncoder_SC_Agent,64,15,0.01559282755621,7.9546186066656,0.0143844821097027,0.2519999014368152,0.2587433331166291,,7.515373708691778,0.033870771391328,-0.8122783278451585,11.804911922354982,1075.1537370869178
71,CSCO,DQN_Agent,64,15,0.0157933182941771,7.553718394364791,0.0136595269337518,0.0713332226453428,0.0708590861404558,,7.634624866506328,0.0620254043330568,-0.426159625064294,6.28070633948719,1076.3462486650633
72,CSCO,MLPEncoder_SC_Agent,64,15,0.0779118991508287,45.39655080138102,0.0820914119373978,1.333180398061939,1.3375829662830525,,51.72918905308607,0.0734749358460324,-1.8193050185391184,27.152325133002,1517.2918905308609
73,CSCO,MLPEncoder_Agent,64,15,-0.0050208415264374,-4.093899718115155,-0.0074030736313113,0.0209782037724073,0.0212162786095666,,-4.067359519140769,-0.0372174708823323,-0.2459162435210316,3.406016248660785,959.3264048085924
74,CSCO,CNN_Predictor,64,15,-0.0026407552523699,-2.781851919075081,-0.0050304736330471,0.0194939902037465,0.0197259340694012,,-2.7963108610203675,-0.020190134497553,-0.2349514453396707,3.2833179228749483,972.0368913897964
75,CSCO,CNNEncoder_Agent,64,15,0.0561515207072815,34.27563055930057,0.0619812487509956,1.6596365317190986,1.6702680149782554,,34.5375034304312,0.0501766381265979,-2.059478066693446,30.29486758579185,1345.375034304312
76,CSCO,GRUEncoder_Agent,64,15,0.0301370483355434,19.67276334359812,0.0355746172578627,1.5814283072935202,1.5915357457515205,,16.517910999900597,0.0303427161750077,-2.035296012087393,29.57245092874983,1165.179109999006
77,CSCO,CNN_SC_Predictor,64,15,-0.0026407552523699,-2.781851919075081,-0.0050304736330471,0.0194939902037465,0.0197259340694012,,-2.7963108610203675,-0.020190134497553,-0.2349514453396707,3.2833179228749483,972.0368913897964
78,CSCO,CNNEncoder_SC_Agent,32,15,0.0449909555655603,27.024786108087056,0.0488694143003382,1.273703945701841,1.2767549867437211,,26.48911620152369,0.0456384015705257,-1.809630141296204,26.539749094012137,1264.891162015237
79,CSCO,MLPEncoder_SC_Agent,32,15,-0.0026407552523699,-2.781851919075081,-0.0050304736330471,0.0194939902037465,0.0197259340694012,,-2.7963108610203675,-0.020190134497553,-0.2349514453396707,3.2833179228749483,972.0368913897964
80,CSCO,GRUEncoder_Agent,32,15,0.001727603028101,-0.2548873841070727,-0.0004609175119476,0.0598848305376216,0.0600341029391874,,-0.4195563474739856,0.0084712161970711,-0.4034438259438679,5.754677339982212,995.80443652526
81,CSCO,DQN_SC_Agent,32,15,0.0092951068433322,4.5238963534837255,0.008180644400513,0.2724355391779203,0.2767190981094704,,3.835901861110597,0.0205738127710472,-0.8513474861268754,12.274235339335396,1038.359018611106
82,CSCO,GRU_SC_Predictor,32,15,-0.0106543054439023,-6.950742941844416,-0.0125691554102069,0.1140113051817691,0.115151146043132,,-7.01010919498475,-0.0304081900287784,-0.5686042114968031,7.940292926934015,929.8989080501524
83,CSCO,CNNEncoder_Agent,32,15,-0.005861329090484,-4.38203849282728,-0.0079241202401939,0.0837987666602783,0.0858269747501038,,-4.51223401691243,-0.0192611360637227,-0.4846261793785356,6.807401704257941,954.8776598308756
84,Bitmex,CNNEncoder_Agent,64,15,0.0018785171636004,0.1985457222420216,0.00138843162407,0.0011073732544386,0.0011073279425463,,0.1979538081422106,0.0579858648388207,-0.0534108959663403,0.3979376526350977,1001.979538081422
85,Bitmex,CNNEncoder_SC_Agent,64,15,-0.0012735119194529,-0.2494262715375937,-0.001744239661102,0.0049975197642101,0.0050058307083972,,-0.2526609312507844,-0.0178506243307078,-0.1181583100953294,0.845366977283862,997.4733906874922
86,Bitmex,MLPEncoder_SC_Agent,64,15,0.0034646798988458,0.4279583343856528,0.0029927156250744,0.0047558713497621,0.0047600586007405,,0.4254759389033666,0.0511441510588496,-0.1105719596784021,0.8246754531426196,1004.2547593890336
87,Bitmex,CNN_Predictor,64,15,8.748005830838679e-05,-0.0577376635580474,-0.0004037598850213,0.0008728876496575,0.0008731385715339,,-0.058340625911569,0.0031885148189316,-0.0490565094315576,0.3533028925738137,999.4165937408844
88,Bitmex,GRUEncoder_SC_Agent,32,15,8.748005830838679e-05,-0.0577376635580474,-0.0004037598850213,0.0008728876496575,0.0008731385715339,,-0.058340625911569,0.0031885148189316,-0.0490565094315576,0.3533028925738137,999.4165937408844
89,Bitmex,GRUEncoder_Agent,32,15,0.0011560591296699,0.0982111964157857,0.0006867915833271,0.0052940157040392,0.0053023021568027,,0.0944928227932564,0.0164186084119824,-0.1191308665990856,0.8700828958654525,1000.9449282279326
90,Bitmex,DQN_Agent,64,15,-0.0015299362594145,-0.2863199829937921,-0.0020022376433132,0.0046804195764488,0.0046885827871767,,-0.2892307717956441,-0.02226058830795,-0.1146624610417405,0.8181075720418362,997.1076922820436
91,Bitmex,CNN_SC_Predictor,32,15,-0.0003847527377365,-0.1238242800699659,-0.0008659040564333,0.0029019312972972,0.0029058248162103,,-0.1258078363882646,-0.0069680522232296,-0.0895757403278551,0.6441864446831449,998.7419216361174
92,Bitmex,MLPEncoder_Agent,64,15,0.0025210158629551,0.290483271311361,0.0020313515476318,0.0011929454446903,0.001192756581612,,0.290053273598528,0.0748627669638227,-0.0548458874329234,0.4130268739328186,1002.9005327359852
93,Bitmex,CNN_SC_Predictor,64,15,0.0005392308682683,0.0105321983825478,7.365173694089433e-05,0.0060341723041084,0.0060456355135632,,0.0062427075702998,0.0073990813177355,-0.1278459410068869,0.9289169174299224,1000.062427075703
94,Bitmex,CNNEncoder_Agent,32,15,0.0073764814317645,0.9865986054103786,0.0068992909469257,0.0037104249818984,0.003709674474587,,0.9887871609627384,0.1229642548211099,-0.0934097416913316,0.728416620081863,1009.8878716096274
95,Bitmex,GRU_Predictor,32,15,0.002769129169633,0.3261564745080226,0.0022808145070491,0.001464899160375,0.0014648938452858,,0.3256417596611527,0.0740102501393381,-0.0607469755221359,0.4576904848624597,1003.2564175966116
96,Bitmex,CNN_Predictor,32,15,0.0011646106693463,0.0966620359516565,0.0006759582933682,0.0013952012250368,0.0013953250076556,,0.0957168417733555,0.0319992111826514,-0.0608341708650491,0.4466696488236777,1000.9571684177336
97,Bitmex,DQN_SC_Agent,32,15,0.0046559793342115,0.5990096366349807,0.0041888785778669,0.0057343553094332,0.0057418852869441,,0.5966954288849593,0.0625122668680516,-0.1205122873325428,0.905545586510667,1005.9669542888496
98,Bitmex,MLPEncoder_Agent,32,15,0.0042973014913627,0.544943141487009,0.0038107911992098,0.0018308701405452,0.0018293019314122,,0.545113985260889,0.1024592465591914,-0.0666515364315756,0.5116780531720746,1005.4511398526088
99,Bitmex,MLPEncoder_SC_Agent,32,15,0.0054213597142638,0.7056493824821919,0.004934611066309,0.0017830462010015,0.0017828768793823,,0.7068526245039835,0.131003816857803,-0.0646013582044311,0.5049510934171917,1007.0685262450398
100,Bitmex,DQN_Agent,32,15,-0.0009973343723657,-0.2082663116771777,-0.0014564077739662,0.0073420911283188,0.0073548959163624,,-0.2132590989581217,-0.0113207942848456,-0.1425600096103914,1.024655567178356,997.8674090104188
101,Bitmex,GRUEncoder_SC_Agent,64,15,0.0054322570532505,0.7130308822965381,0.0049862299461296,0.009976599320867,0.0099884181312885,,0.7084218860690612,0.0553803261254756,-0.1594961872801967,1.194426097707176,1007.0842188606906
102,Bitmex,GRU_SC_Predictor,32,15,8.748005830838679e-05,-0.0577376635580474,-0.0004037598850213,0.0008728876496575,0.0008731385715339,,-0.058340625911569,0.0031885148189316,-0.0490565094315576,0.3533028925738137,999.4165937408844
103,Bitmex,MLP_Predictor,32,15,8.748005830838679e-05,-0.0577376635580474,-0.0004037598850213,0.0008728876496575,0.0008731385715339,,-0.058340625911569,0.0031885148189316,-0.0490565094315576,0.3533028925738137,999.4165937408844
104,Bitmex,MLP_SC_Predictor,64,15,-0.0016057299474292,-0.2980928752747538,-0.0020845655613619,0.0033682992175908,0.0033704375460427,,-0.300037504688089,-0.0277130167616991,-0.097657197644305,0.6940221812849329,996.9996249531192
105,Bitmex,GRUEncoder_Agent,64,15,-0.0014424233418686,-0.2713252945679037,-0.001897379682293,0.0081709570940088,0.00818363731226,,-0.2767516536427366,-0.0156513099975174,-0.1507528089566531,1.080947207056506,997.2324834635726
106,Bitmex,GRU_Predictor,64,15,0.0054322570532505,0.7130308822965381,0.0049862299461296,0.009976599320867,0.0099884181312885,,0.7084218860690612,0.0553803261254756,-0.1594961872801967,1.194426097707176,1007.0842188606906
107,Bitmex,CNNEncoder_SC_Agent,32,15,-0.001794369427932,-0.3215950255210513,-0.0022489162623849,0.0082531437218703,0.0082657495504308,,-0.3269288439201886,-0.0194772442748592,-0.1518510950299477,1.0863698965948263,996.730711560798
108,Bitmex,DQN_SC_Agent,64,15,0.0077599564466845,1.041970045223605,0.0072865038127524,0.0044637144509226,0.0044628219481333,,1.044177302281787,0.1178695229871763,-0.1027347061316606,0.7989437818031649,1010.441773022818
109,Bitmex,MLP_SC_Predictor,32,15,0.0061641967568526,0.8176317541795612,0.0057177045746822,0.0098836277241154,0.0098954608271174,,0.8138798160023611,0.0630686244404553,-0.1579965156784417,1.1888476624650062,1008.1387981600236
110,Bitmex,GRU_SC_Predictor,64,15,0.0008016739998728,0.0469590369287275,0.0003283848736274,0.0044841640235014,0.0044917374157773,,0.0437812100990413,0.0124384784761208,-0.1099445566479631,0.8007717873156575,1000.4378121009904
111,GE,DQN_Agent,64,15,0.0392785014511565,37.3600589003356,0.0498799184250141,0.4087017935661259,0.4024880945535243,,43.101424483606046,0.0693668797778999,-1.0028851985212408,17.496217973637282,1431.0142448360605
112,GE,MLP_Predictor,64,15,0.0719621447806906,63.88426498607544,0.08529274363962,0.9546341659494808,0.9482871576256358,,82.76808399376186,0.0808017662619444,-1.5236726428136187,26.73987640764559,1827.6808399376189
113,GE,DQN_SC_Agent,64,15,0.0457812058751061,42.154857380570974,0.0562815185321374,0.3882493532949778,0.3821706721012544,,50.240627433595385,0.0826242279281164,-0.9698040630258664,17.052822804976845,1502.406274335954
114,GE,MLPEncoder_SC_Agent,64,15,0.0132286104105316,16.758048318003794,0.0223738962857193,0.1162020805822545,0.1120526770993328,,17.7414556538165,0.0563586400602042,-0.5389779644379502,9.329274267385896,1177.414556538165
115,GE,MLPEncoder_SC_Agent,32,15,0.0702411652428569,63.70698919769522,0.0850560603440523,1.2518903806712511,1.2454935739951505,,80.42894980773269,0.0698126592601934,-1.757460354693832,30.62133072096585,1804.289498077327
116,GE,MLPEncoder_Agent,64,15,0.0077434341977378,12.616794441363355,0.0168448523916733,0.1074268088306782,0.1034072355475828,,13.002676536164332,0.0362039704889653,-0.5228950820736321,8.970099208714363,1130.0267653616434
117,GE,GRUEncoder_Agent,32,15,0.0213558153343562,23.43139438472568,0.0312835706071103,0.2731166336966841,0.2684219547236118,,25.13002633011474,0.0484570671612959,-0.8293183083496525,14.302599716094148,1251.3002633011474
118,GE,GRU_SC_Predictor,64,15,0.0288024417871124,28.79527978873804,0.0384449663401041,0.2160989845611679,0.2110516494827321,,32.30563396991277,0.0745688970580028,-0.7270715717748533,12.722348031566924,1323.0563396991276
119,GE,MLP_SC_Predictor,32,15,0.0574875513896788,51.76134893803044,0.0691072749506414,0.6124972382050804,0.6059388200605661,,64.00115487707453,0.08099628308133,-1.2196771586614903,21.418693503937284,1640.011548770745
120,GE,GRUEncoder_Agent,64,15,0.0405529164743345,38.83211671002421,0.0518452826569081,0.5466827718558586,0.5410134846672262,,44.47337014540494,0.0615753263906129,-1.1657302389778497,20.235251323372243,1444.7337014540494
121,GE,CNN_SC_Predictor,64,15,0.034317801135475,33.87241127933705,0.0452235130565247,0.4697589292474597,0.4635028844939475,,37.88384987236129,0.056755780285692,-1.083443250896042,18.7576501195205,1378.838498723613
122,GE,MLPEncoder_Agent,32,15,0.011361767191298,15.580363679386608,0.0208015536440408,0.1750385819958649,0.1711522807147126,,16.106773631860506,0.0350409103696609,-0.6681601906801176,11.450061044156175,1161.067736318605
123,GE,MLP_SC_Predictor,64,15,0.0429036938037308,40.43965592479238,0.0539915299396427,0.5060188594338263,0.4998360271809398,,47.03860611681691,0.0675172054207433,-1.1174255882683035,19.468131027808905,1470.3860611681691
124,GE,GRU_SC_Predictor,32,15,0.0527703863715034,49.02704339239152,0.065456666745516,0.8251993683932921,0.8200697302900601,,58.310987042241415,0.0646938885269709,-1.4304608853922085,24.861100678099024,1583.109870422414
125,GE,GRUEncoder_SC_Agent,64,15,0.0077434341977378,12.616794441363355,0.0168448523916733,0.1074268088306782,0.1034072355475828,,13.002676536164332,0.0362039704889653,-0.5228950820736321,8.970099208714363,1130.0267653616434
126,GE,DQN_SC_Agent,32,15,0.0702411652428569,63.70698919769522,0.0850560603440523,1.2518903806712511,1.2454935739951505,,80.42894980773269,0.0698126592601934,-1.757460354693832,30.62133072096585,1804.289498077327
127,GE,CNN_SC_Predictor,32,15,0.0359079605238399,34.08988630333977,0.0455138668936445,0.2091377836195223,0.2033466648273051,,39.53532240362167,0.0944535992344548,-0.7075719441301289,12.515758064576922,1395.3532240362167
128,GE,GRU_Predictor,64,15,0.0253761962293763,26.038904159721213,0.0347648920690536,0.1651757551676115,0.1603611812713682,,28.95442220960404,0.0793575653875155,-0.6345051184192972,11.122798236978907,1289.5442220960404
129,GE,GRUEncoder_SC_Agent,32,15,0.0702411652428569,63.70698919769522,0.0850560603440523,1.2518903806712511,1.2454935739951505,,80.42894980773269,0.0698126592601934,-1.757460354693832,30.62133072096585,1804.289498077327
130,GE,CNNEncoder_SC_Agent,32,15,0.0702411652428569,63.70698919769522,0.0850560603440523,1.2518903806712511,1.2454935739951505,,80.42894980773269,0.0698126592601934,-1.757460354693832,30.62133072096585,1804.289498077327
131,GE,CNNEncoder_SC_Agent,64,15,0.0137265333775449,17.12823054738968,0.0228681315719488,0.1154160926695705,0.1113246751151293,,18.18132614645456,0.058817429699511,-0.5365820230801025,9.29766924608035,1181.8132614645456
132,GE,CNN_Predictor,32,15,0.0259260982721887,26.96282181351251,0.0359984269873331,0.3024327940222329,0.2970689448389909,,29.4865138791122,0.0550009255468258,-0.8696145880210542,15.050653232423253,1294.865138791122
133,GE,MLP_Predictor,32,15,0.0672346179070526,60.831836729940136,0.0812174055139387,1.0860423603979124,1.0786048919478808,,76.41399891274912,0.0714429589243502,-1.6349181804417807,28.52096996839407,1764.1399891274912
134,GE,DQN_Agent,32,15,0.0620063969799522,57.03907032555807,0.0761536319433352,1.118435470483741,1.11196068718125,,69.64354019058734,0.0654237797531611,-1.665387276864181,28.943188618262536,1696.4354019058735
135,GE,GRU_Predictor,32,15,0.0239807340877806,25.10498140198453,0.0335179992015814,0.1949331396711777,0.1901462609454328,,27.613937505480543,0.0668114883369428,-0.6935433422078671,12.083249629702769,1276.1393750548054
136,GE,CNN_Predictor,64,15,0.0609259131202577,54.265729093072366,0.0724509066663182,0.5937828705685118,0.5867431880408752,,68.27702175517868,0.0869660913715028,-1.1964918964548426,21.088939519468852,1682.7702175517868
137,GE,CNNEncoder_Agent,64,15,0.0776783065560948,68.31142208611604,0.0912035007825314,0.9935775644110166,0.9870843916798406,,90.75694733323522,0.0852157220759413,-1.5502519583409533,27.27983863119156,1907.569473332352
138,GE,CNNEncoder_Agent,32,15,0.0702411652428569,63.70698919769522,0.0850560603440523,1.2518903806712511,1.2454935739951505,,80.42894980773269,0.0698126592601934,-1.757460354693832,30.62133072096585,1804.289498077327
139,AXP,CNN_SC_Predictor,32,15,0.0304759855020098,15.75512682312258,0.0284902835861167,0.2251674176406067,0.2119179181877936,,16.365099632791612,0.0673607940474892,-0.7529233568444181,11.158744640650916,1163.650996327916
140,AXP,DQN_SC_Agent,32,15,0.0328688128232279,17.385410318544945,0.0314383550064103,0.3382177988996984,0.3223032462898835,,17.914620138339025,0.0598621614292719,-0.9262549335360286,13.67605362637677,1179.1462013833902
141,AXP,GRUEncoder_Agent,32,15,0.0172012570789359,8.26681694231831,0.0149490360620584,0.1711342002826098,0.1587259675146049,,8.130724402360443,0.0442386648435431,-0.6662854409983558,9.728165950284936,1081.3072440236044
142,AXP,CNNEncoder_SC_Agent,64,15,0.0851660844847446,48.36517657180199,0.0874596321370741,1.080274746341713,1.0706928458601,,57.43208252370816,0.0874580878386009,-1.6241129715784628,24.44160254007432,1574.3208252370816
143,AXP,GRU_SC_Predictor,64,15,0.0779242284376646,45.25599670246163,0.0818372453932398,1.4066993998802828,1.3941284175151611,,51.25683854235844,0.071835484608633,-1.8712824773842496,27.89094419581016,1512.5683854235845
144,AXP,CNNEncoder_Agent,32,15,0.0254489942544511,12.864713789426764,0.0232634969067391,0.1848204127608648,0.1720056729703076,,13.175664935785516,0.0621830349565861,-0.6846874751539882,10.109682895954665,1131.7566493578552
145,AXP,CNN_Predictor,32,15,0.0311777785411582,16.14385235954802,0.0291932230733237,0.2254005417177808,0.2121515839500327,,16.81744049055119,0.0688268316769404,-0.7526248257952699,11.16451967484194,1168.174404905512
146,AXP,GRU_SC_Predictor,32,15,0.023505174066063,11.815030895788292,0.0213653361587491,0.1939627627311084,0.1811401193852316,,11.965912627306013,0.0562785945971325,-0.7038840922609488,10.356708347264732,1119.65912627306
147,AXP,MLPEncoder_SC_Agent,64,15,0.0121823479304117,7.286030185306824,0.013175461456251,0.8184818438086442,0.8104846774125188,,5.171296461549673,0.0180114187144009,-1.4766409000826104,21.27487860426424,1051.7129646154967
148,AXP,MLP_SC_Predictor,32,15,0.0158916023847321,7.522977650681299,0.0136039378854996,0.1639756394789744,0.1516421327859576,,7.3505571130676115,0.0418419854218368,-0.6532302862005505,9.522527428780284,1073.505571130676
149,AXP,DQN_SC_Agent,64,15,0.0550007693685961,30.940576283291048,0.055950409192208,0.8183404938129939,0.7977245503279669,,33.25928964990978,0.0655456103883849,-1.433737302804507,21.273041462813577,1332.5928964990978
150,AXP,MLP_Predictor,32,15,0.0876003220321219,50.86266318494066,0.0919758827937444,1.5015188960812222,1.4857477245517603,,59.56380259890784,0.077827751904514,-1.9258961237005927,28.81561988805578,1595.6380259890784
151,AXP,CNN_SC_Predictor,64,15,0.0501117771443793,26.907132663371154,0.0486566594274342,0.331867100848361,0.3181705601075323,,29.70658373286392,0.0906420765751381,-0.9000027423686139,13.547047898680496,1297.0658373286392
152,AXP,GRU_Predictor,32,15,0.0258759439851541,13.137827671109983,0.0237573737271428,0.1982391614117837,0.1854129463661664,,13.443123281775843,0.0611088665675296,-0.7094434436418656,10.470255787740642,1134.4312328177584
153,AXP,MLPEncoder_SC_Agent,32,15,0.0675265558946147,36.99733319817248,0.066902953342084,0.5008760895345802,0.4836871617865281,,42.81098407718953,0.0995562639827018,-1.0985462908691628,16.64285064262198,1428.1098407718953
154,AXP,GRUEncoder_SC_Agent,64,15,0.0158916023847321,7.522977650681299,0.0136039378854996,0.1639756394789744,0.1516421327859576,,7.3505571130676115,0.0418419854218368,-0.6532302862005505,9.522527428780284,1073.505571130676
155,AXP,GRUEncoder_Agent,64,15,0.0224753266270472,11.400099869878156,0.0206150088062896,0.249673954479234,0.2372790618184078,,11.330218469438432,0.047929630644718,-0.8022239281851494,11.75030624396728,1113.3021846943843
156,AXP,MLP_Predictor,64,15,0.0308680182145693,16.042075800880326,0.0290091786634363,0.2505753582008987,0.2373418316084167,,16.617568424304295,0.0648265819701573,-0.79531377742426,11.771498336452204,1166.175684243043
157,AXP,DQN_Agent,64,15,0.0511883809308999,27.83053247019479,0.0503264601631008,0.4499685386362658,0.4374687297234806,,30.480717369909872,0.0801839484648036,-1.054309785153596,15.77442873342344,1304.8071736990987
158,AXP,MLPEncoder_Agent,32,15,0.0625206036950265,34.78055320847663,0.0628943095994152,0.6981712965913108,0.6847120696007558,,38.91427820250188,0.0793645352870907,-1.313076464522507,19.649140617721557,1389.1427820250187
159,AXP,CNN_Predictor,64,15,0.0436935770528945,23.58322619299745,0.0426459786491816,0.4158695914357464,0.3986154941813088,,25.18577624601692,0.0714338955150716,-1.019310692212176,15.164955788394762,1251.8577624601692
160,AXP,MLP_SC_Predictor,64,15,0.0876003220321219,50.86266318494066,0.0919758827937444,1.5015188960812222,1.4857477245517603,,59.56380259890784,0.077827751904514,-1.9258961237005927,28.81561988805578,1595.6380259890784
161,AXP,CNNEncoder_SC_Agent,32,15,0.0708513984461811,39.17004628783607,0.070831910104586,0.6206422272926326,0.6053912750460961,,45.459199723285,0.0943603950815027,-1.226493351849605,18.52606681659185,1454.59199723285
162,AXP,DQN_Agent,32,15,0.0369834847222305,19.79940653580514,0.0358036284553438,0.3887088031672214,0.372400355438528,,20.62746511750179,0.0628462834541746,-0.9908889025993556,14.661376748159547,1206.274651175018
163,AXP,CNNEncoder_Agent,64,15,0.0513665401140617,27.967660552570337,0.0505744313789698,0.4664562816217402,0.4501544526771192,,30.60926701667568,0.0791030689521294,-1.0741177796421495,16.060831975237843,1306.0926701667568
164,AXP,GRUEncoder_SC_Agent,32,15,0.0876003220321219,50.86266318494066,0.0919758827937444,1.5015188960812222,1.4857477245517603,,59.56380259890784,0.077827751904514,-1.9258961237005927,28.81561988805578,1595.6380259890784
165,AXP,MLPEncoder_Agent,64,15,0.0527185037953348,29.520755019336413,0.0533829204689627,0.7534621007786482,0.7444058452602265,,31.58889645235192,0.0653543720775191,-1.3760340062107004,20.41236247303561,1315.8889645235192
166,AXP,GRU_Predictor,64,15,0.0876003220321219,50.86266318494066,0.0919758827937444,1.5015188960812222,1.4857477245517603,,59.56380259890784,0.077827751904514,-1.9258961237005927,28.81561988805578,1595.6380259890784
167,BTC-USD,MLP_Predictor,32,15,0.0524393685108703,29.392175649916357,0.067723907027457,1.8167946432528,1.820156820903303,,28.98303575009001,0.0458827426125871,-2.151908898070428,28.08004407353584,1289.8303575009002
168,BTC-USD,MLP_Predictor,64,15,0.0726882914136473,68.51889966117301,0.1578776489888779,14.854764010678648,16.462713598040775,,40.82335008950135,0.0394387505494006,-6.189014125389851,80.29301078322156,1408.2335008950135
169,BTC-USD,GRUEncoder_SC_Agent,64,15,0.0365203047330009,53.62662678284102,0.1235636561816613,15.22974960059342,16.8358888559557,,20.37632410040362,0.0301325955628483,-6.302937588234155,81.3001311601497,1203.7632410040362
170,BTC-USD,GRU_Predictor,64,15,0.0403141065865142,56.76848356970537,0.1308029575338833,15.934329148406214,17.519710072012366,,22.37396545184954,0.0312767452431795,-6.442673418194915,83.15947841592259,1223.7396545184954
171,BTC-USD,CNN_SC_Predictor,32,15,0.0524393685108703,29.392175649916357,0.067723907027457,1.8167946432528,1.820156820903303,,28.98303575009001,0.0458827426125871,-2.151908898070428,28.08004407353584,1289.8303575009002
172,BTC-USD,GRUEncoder_Agent,32,15,0.0561026578574042,49.698432254729816,0.1145125167159673,9.485100822172416,11.093608174265029,,31.048953203617952,0.0352463710770054,-4.957136496647595,64.16021942623661,1310.4895320361795
173,BTC-USD,GRU_Predictor,32,15,0.0524393685108703,29.392175649916357,0.067723907027457,1.8167946432528,1.820156820903303,,28.98303575009001,0.0458827426125871,-2.151908898070428,28.08004407353584,1289.8303575009002
174,BTC-USD,CNNEncoder_Agent,64,15,0.0809834975831202,43.6968555758578,0.1006839990227138,2.778342407533981,2.669401901310392,,45.98148854353938,0.0569189883236953,-2.644181689356352,34.72463973707644,1459.8148854353938
175,BTC-USD,MLPEncoder_SC_Agent,64,15,0.0487708884840953,48.63041512299027,0.1120516477488255,10.517528585790624,12.04403612958918,,26.946754095329084,0.0327079123810025,-5.22848703402251,67.56187835039174,1269.4675409532908
176,BTC-USD,MLP_SC_Predictor,32,15,0.0343647230695021,22.582349635703316,0.0520330636767357,2.284185552193361,2.303898262038728,,19.255823145558363,0.0304394661257769,-2.436789323356613,31.485497132043488,1192.5582314555836
177,BTC-USD,CNN_Predictor,64,15,0.0239078528307068,17.42344544536642,0.0401461876621346,2.001410679420544,2.015521588750937,,13.966137195556575,0.0240795879341507,-2.2895340782605462,29.472228196533024,1139.6613719555658
178,BTC-USD,CNNEncoder_Agent,32,15,0.0584778037325817,32.3794368131321,0.0746069972652813,1.9827968781158924,1.9909781391653327,,32.40602822955464,0.0488221349028382,-2.2442145520803685,29.33485716860229,1324.0602822955464
179,BTC-USD,MLPEncoder_Agent,32,15,0.032675494961909,21.04382526250684,0.0484880766417208,1.9191384863067815,1.9283516111845844,,18.385016737617978,0.0306560467847854,-2.232806520442676,28.86011266535776,1183.8501673761798
180,BTC-USD,CNN_Predictor,32,15,0.0423861669848868,25.301369890098396,0.0582980873043741,1.939025011725315,1.947999614506504,,23.478947018741813,0.0375877118366903,-2.234785680442457,29.00925464552281,1234.789470187418
181,BTC-USD,CNNEncoder_SC_Agent,32,15,0.0783326874493672,42.45721814416181,0.0978276915764097,2.66894741129034,2.6596177917976744,,44.31298730948461,0.0563233545015108,-2.592456890924481,34.03414721276277,1443.129873094846
182,BTC-USD,DQN_Agent,64,15,0.0878189944870211,67.10845452837677,0.1546277754110064,11.19037869326109,12.763905158302013,,50.37329892931589,0.0444728807605471,-5.354091057143434,69.68948523898933,1503.7329892931589
183,BTC-USD,CNN_SC_Predictor,64,15,0.0423861669848868,25.301369890098396,0.0582980873043741,1.939025011725315,1.947999614506504,,23.478947018741813,0.0375877118366903,-2.234785680442457,29.00925464552281,1234.789470187418
184,BTC-USD,CNNEncoder_SC_Agent,64,15,-0.0242329145258457,14.245242159158307,0.0328231386155721,9.204888264095104,10.830803965088798,,-7.522063829070452,0.0087696694906886,-4.963349941586535,63.20539143631084,924.7793617092956
185,BTC-USD,GRU_SC_Predictor,64,15,0.0667175076409787,64.59897647001999,0.1488455679032718,14.27166184018382,15.834245240327975,,37.22351829810757,0.0378397075456122,-6.072230158905171,78.70134203836538,1372.2351829810757
186,BTC-USD,MLPEncoder_Agent,64,15,0.1062162767114793,65.83047585741792,0.151683124095433,7.963361188402085,7.826453187558831,,62.85946959840858,0.0516872239903722,-4.495356991791954,58.78859375564706,1628.5946959840858
187,BTC-USD,DQN_Agent,32,15,0.0245673570151705,40.07834870440767,0.0923464255861927,11.423879613785015,12.94542974826015,,14.292724569298548,0.0255343664671216,-5.473548756937547,70.41280957597628,1142.9272456929857
188,BTC-USD,MLP_SC_Predictor,64,15,0.032675494961909,21.04382526250684,0.0484880766417208,1.9191384863067815,1.9283516111845844,,18.385016737617978,0.0306560467847854,-2.232806520442676,28.86011266535776,1183.8501673761798
189,BTC-USD,GRUEncoder_SC_Agent,32,15,0.0524393685108703,29.392175649916357,0.067723907027457,1.8167946432528,1.820156820903303,,28.98303575009001,0.0458827426125871,-2.151908898070428,28.08004407353584,1289.8303575009002
190,BTC-USD,MLPEncoder_SC_Agent,32,15,0.0792680371428433,62.211958739025896,0.1433455270484467,10.63133088417132,12.22300846142027,,44.899541522704176,0.0421584116877919,-5.226008401689334,67.92641315225141,1448.9954152270418
191,BTC-USD,DQN_SC_Agent,64,15,0.0263467643373926,26.686550053045515,0.0614897466660034,5.828897696102685,5.788240895457756,,15.178555301625282,0.0229439541610911,-3.914281889004615,50.296536661171466,1151.7855530162528
192,BTC-USD,DQN_SC_Agent,32,15,0.0821857697641093,57.65272630388699,0.1328403831886797,9.042918351731029,8.848746159292197,,46.744566230825534,0.0422130185806144,-4.819181090951133,62.64684002127535,1467.4456623082554
193,BTC-USD,GRU_SC_Predictor,32,15,0.0692051082552991,67.42340980939863,0.1553534788234991,15.05327229500042,16.652128172330393,,38.71201802512944,0.0385251986323537,-6.233805185641774,80.82771910693869,1387.1201802512944
194,BTC-USD,GRUEncoder_Agent,64,15,0.0539158949262263,33.8157472400901,0.0779164682951384,3.623552482037934,3.539497569932119,,29.811786945715607,0.0377934670845389,-3.056779984234377,39.65629555574327,1298.117869457156
195,IBM,DQN_SC_Agent,32,15,-0.0334205793561581,-18.183747525376404,-0.032882002758366,0.6227834639597953,0.6277822888103108,,-18.05735140978477,-0.0385904158724899,-1.332443245827679,18.557997078611876,819.4264859021523
196,IBM,MLP_SC_Predictor,32,15,-0.0372423012551803,-20.709574134643105,-0.0374495011476367,0.4747246276445854,0.4775994194538391,,-19.771564980818617,-0.0509039047921905,-1.1720660032781354,16.20255285711038,802.2843501918138
197,IBM,CNNEncoder_Agent,32,15,-0.0207415725020032,-9.761156620234338,-0.0176512777942754,1.1353226091147768,1.138831611135831,,-12.1040704273252,-0.0142036720376021,-1.7722905997533316,25.05660397660608,878.959295726748
198,IBM,CNNEncoder_SC_Agent,32,15,-0.0687116231685824,-36.41553547225813,-0.065850877888351,1.0751505541605046,1.0997597987822765,,-32.59222215429381,-0.0612364122000712,-1.7733593061852464,24.383565294081976,674.077778457062
199,IBM,GRU_SC_Predictor,64,15,-0.0514838637225345,-25.494414302350105,-0.0461020150132913,1.5886519374788235,1.6010695081571529,,-25.850212053236305,-0.0346391654130546,-2.121696905269734,29.63991432892122,741.497879467637
200,IBM,MLPEncoder_SC_Agent,64,15,-0.0497697974384592,-26.82908603283431,-0.0485155262799897,0.7596177649698315,0.7745389589832028,,-25.14366100560649,-0.0529330853395012,-1.4837596286034669,20.49557571839144,748.5633899439351
201,IBM,GRU_SC_Predictor,32,15,-0.0514838637225345,-25.494414302350105,-0.0461020150132913,1.5886519374788235,1.6010695081571529,,-25.850212053236305,-0.0346391654130546,-2.121696905269734,29.63991432892122,741.497879467637
202,IBM,GRUEncoder_SC_Agent,32,15,-0.0514838637225345,-25.494414302350105,-0.0461020150132913,1.5886519374788235,1.6010695081571529,,-25.850212053236305,-0.0346391654130546,-2.121696905269734,29.63991432892122,741.497879467637
203,IBM,GRUEncoder_SC_Agent,64,15,-0.0288654798493936,-14.39286528002004,-0.0260268811573599,1.0813928680945255,1.0902025132458038,,-15.966364384856355,-0.0226364141401318,-1.738485024233989,24.454248221040707,840.3363561514365
204,IBM,MLPEncoder_Agent,64,15,-0.037228186848337,-17.84100889874994,-0.0322622222400541,1.5060907549302107,1.517332131576971,,-19.76530036013989,-0.0242680198583668,-2.053203925105567,28.859455772353133,802.3469963986012
205,IBM,CNNEncoder_SC_Agent,64,15,-0.0435380982704347,-23.94679470734641,-0.0433034262338994,0.5612048021351859,0.567169106956871,,-22.51780422329272,-0.0546425620540408,-1.2769447360550552,17.616647115179376,774.8219577670728
206,IBM,GRU_Predictor,32,15,-0.0514838637225345,-25.494414302350105,-0.0461020150132913,1.5886519374788235,1.6010695081571529,,-25.850212053236305,-0.0346391654130546,-2.121696905269734,29.63991432892122,741.497879467637
207,IBM,CNN_SC_Predictor,64,15,-0.0465447215051928,-23.34065935000832,-0.04220734059676,1.3798365106206676,1.391493410756163,,-23.795992031411096,-0.0338485145001948,-1.97658839775386,27.623352265306774,762.040079685889
208,IBM,MLP_Predictor,64,15,-0.0568998766353745,-28.534343967113287,-0.0515991753474019,1.5722162157808697,1.5848946216721411,,-28.03927976816108,-0.0392166574066689,-2.1164294067037845,29.48619282523298,719.6072023183892
209,IBM,CNN_Predictor,64,15,-0.0390282927174356,-18.82761429195565,-0.0340463187919632,1.508863206247784,1.5207618366545417,,-20.56034294254538,-0.0257023294293674,-2.056847267628896,28.886006180415883,794.3965705745462
210,IBM,MLPEncoder_Agent,32,15,-0.0424496633671167,-21.014702323069585,-0.0380012700236339,1.402393056707688,1.4135900688099237,,-22.0498272236972,-0.0300121871835519,-1.988129148674479,27.84822005729184,779.501727763028
211,IBM,GRU_Predictor,64,15,-0.0159350016865955,-9.96564840482538,-0.0180210640231923,0.0988493798819067,0.1008967886790281,,-9.736000163243968,-0.050152430001213,-0.5357652004184352,7.393490858498062,902.6399983675605
212,IBM,CNN_Predictor,32,15,-0.0475003049850486,-24.24570042447131,-0.0438439429013947,1.2448524183650869,1.2542589985702035,,-24.197809044023508,-0.0371127120473785,-1.881173866307066,26.23744246979673,758.0219095597649
213,IBM,MLPEncoder_SC_Agent,32,15,-0.0272328433877366,-12.3205422090869,-0.0222794614992529,1.504192882147478,1.5144914845653965,,-15.204018352619734,-0.0161198711042786,-2.0419474365669976,28.84126668209209,847.9598164738027
214,IBM,DQN_SC_Agent,64,15,-0.0023642335520435,0.0483137398872255,8.736661824091417e-05,1.0083347945579084,1.0103854726887007,,-2.700687537164231,0.0026541706239373,-1.653513119562644,23.613748990588583,972.9931246283576
215,IBM,CNN_SC_Predictor,32,15,-0.0492709991893769,-25.057919102531297,-0.0453126927713043,1.304719973943286,1.3150956059696337,,-24.93679308164683,-0.0375387164182088,-1.926304352994064,26.86094089176024,750.6320691835317
216,IBM,MLP_Predictor,32,15,-0.0242585906301218,-14.350768364108134,-0.0259507565354577,0.1775931039760961,0.1798639241457359,,-13.79742851477887,-0.0561464688886189,-0.7199216624602318,9.910044727385502,862.0257148522113
217,IBM,MLP_SC_Predictor,64,15,-0.056813634888686,-29.919546774153545,-0.0541040628827369,1.0594946497355255,1.0622060590542883,,-28.00493276921513,-0.050239071887112,-1.7491348800284845,24.20538248621049,719.9506723078487
218,IBM,GRUEncoder_Agent,64,15,-0.0590410808718244,-32.461343640384484,-0.0587004405793571,0.5827998765573238,0.5881449665952642,,-28.886820152472136,-0.073874732386966,-1.315852873106247,17.95239069695733,711.1317984752786
219,IBM,GRUEncoder_Agent,32,15,-0.0506222630858865,-27.879475530121816,-0.0504149647922636,0.5557760925806964,0.5616152052251296,,-25.495889820658657,-0.0644946051069175,-1.2780750758708943,17.53123438885936,745.0411017934134
220,IBM,CNNEncoder_Agent,64,15,-0.0475613855106193,-23.73467518427044,-0.0429198466261671,1.441601777344633,1.4520437436692288,,-24.22342100009113,-0.0337088528396179,-2.0201210632995568,28.23483279340577,757.7657899990887
221,IBM,DQN_Agent,32,15,-0.061821283445429,-33.1603348622602,-0.0599644391722607,0.8797827559857677,0.8955603773747194,,-29.97244038551228,-0.0614203460431352,-1.6045641073497932,22.057195289975777,700.2755961448772
222,IBM,DQN_Agent,64,15,-0.0620220366568169,-33.048954408066926,-0.0597630278626888,0.9686613521891004,0.972162835437376,,-30.05018752760901,-0.0583191539068508,-1.680506200281867,23.144539912484166,699.4981247239099
223,AMD,CNNEncoder_Agent,64,15,-0.0142885862669084,12.79087461086629,0.016294107784543,7.515963650143563,7.639951745338382,,-15.603128638690144,0.0085721898529779,-4.498319122971689,76.81166230047816,843.9687136130985
224,AMD,CNNEncoder_SC_Agent,32,15,-0.0944751078280514,-55.980463016451445,-0.0713126917407024,6.0180533454906495,6.159140131248489,,-55.04223006864152,-0.0262878907394735,-4.111078890334925,68.73261144616986,449.5776993135848
225,AMD,DQN_Agent,32,15,-0.0681465266264336,-34.97666538473059,-0.0445562616365994,6.109706600918276,6.240351602898066,,-44.71115577566994,-0.0152160140419129,-4.114968468641291,69.25402285586627,552.8884422433006
226,AMD,MLP_SC_Predictor,64,15,-0.119872190773218,-58.070857116739326,-0.0739756141614513,10.523326324474777,10.744922403398846,,-63.17626527050613,-0.0206754247477137,-5.415986066680718,90.88900464144548,368.2373472949388
227,AMD,GRU_Predictor,64,15,-0.1113199204116455,-52.84220816984513,-0.0673149148660447,10.158303499635794,10.357915992467811,,-60.616158391474464,-0.0189486092695189,-5.315858481990193,89.29875837442589,393.8384160852554
228,AMD,DQN_Agent,64,15,-0.0028475365863811,7.863664271360967,0.0100174067151095,4.078199203478375,4.028240065806587,,-7.671740231543549,0.0085360373063522,-3.315524555769016,56.580795105146095,923.2825976845644
229,AMD,CNNEncoder_SC_Agent,64,15,-0.0704614776009249,-43.82480806944484,-0.0558277809801845,4.348021494293438,4.4267826932384775,,-45.70749498693967,-0.0234972129326498,-3.489620343807545,58.42257160567608,542.9250501306034
230,AMD,DQN_SC_Agent,64,15,-0.0250645642012159,-5.435484221013411,-0.0069241837210361,5.074070430809377,5.11834321929033,,-22.450049067743475,8.479287539181883e-05,-3.7163480346791062,63.11216434401027,775.4995093225652
231,AMD,GRU_SC_Predictor,64,15,-0.119872190773218,-58.070857116739326,-0.0739756141614513,10.523326324474777,10.744922403398846,,-63.17626527050613,-0.0206754247477137,-5.415986066680718,90.88900464144548,368.2373472949388
232,AMD,CNN_Predictor,32,15,-0.1236391435939343,-61.069582238836105,-0.0777956461641224,10.512965393971408,10.734272053892523,,-64.25051099910448,-0.0218674370884687,-5.417175664751799,90.84425041942696,357.4948900089552
233,AMD,MLP_Predictor,32,15,-0.119872190773218,-58.070857116739326,-0.0739756141614513,10.523326324474777,10.744922403398846,,-63.17626527050613,-0.0206754247477137,-5.415986066680718,90.88900464144548,368.2373472949388
234,AMD,GRUEncoder_Agent,64,15,-0.0868394679429007,-49.48404690813277,-0.0630370024307423,6.114290034315992,6.303130552326844,,-52.26247551826141,-0.022717305934928,-4.134975712000523,69.27999478159661,477.375244817386
235,AMD,GRU_Predictor,32,15,-0.119872190773218,-58.070857116739326,-0.0739756141614513,10.523326324474777,10.744922403398846,,-63.17626527050613,-0.0206754247477137,-5.415986066680718,90.88900464144548,368.2373472949388
236,AMD,MLP_SC_Predictor,32,15,-0.11820019698211,-56.76537408801869,-0.0723125784560747,10.521396083166724,10.743143662863794,,-62.6891788322853,-0.0201630461490235,-5.413833079328416,90.88066860056584,373.108211677147
237,AMD,MLPEncoder_SC_Agent,32,15,-0.0952914065790011,-61.88709858591719,-0.0788370682623148,4.716017377540909,4.791838699429934,,-55.32966779763018,-0.033205770055196,-3.654988600336931,60.84466814248898,446.7033220236982
238,AMD,GRU_SC_Predictor,32,15,-0.119872190773218,-58.070857116739326,-0.0739756141614513,10.523326324474777,10.744922403398846,,-63.17626527050613,-0.0206754247477137,-5.415986066680718,90.88900464144548,368.2373472949388
239,AMD,CNN_Predictor,64,15,-0.1180191918314088,-56.65640876253477,-0.0721737691242481,10.5129889536,10.73466310003196,,-62.63606378303182,-0.0201281934051732,-5.411559770502458,90.84435221066856,373.6393621696817
240,AMD,CNN_SC_Predictor,64,15,-0.119872190773218,-58.070857116739326,-0.0739756141614513,10.523326324474777,10.744922403398846,,-63.17626527050613,-0.0206754247477137,-5.415986066680718,90.88900464144548,368.2373472949388
241,AMD,GRUEncoder_SC_Agent,64,15,-0.119872190773218,-58.070857116739326,-0.0739756141614513,10.523326324474777,10.744922403398846,,-63.17626527050613,-0.0206754247477137,-5.415986066680718,90.88900464144548,368.2373472949388
242,AMD,DQN_SC_Agent,32,15,-0.0509232733016951,-17.325182465223463,-0.0220702961340426,7.169836806454627,7.294114946702434,,-36.701968176652,-0.0056081229619511,-4.431504330265441,75.02214268512252,632.98031823348
243,AMD,GRUEncoder_SC_Agent,32,15,-0.0751217875594845,-28.851615276941125,-0.0367536500343199,9.05992171684753,9.211097732981065,,-47.65920396390755,-0.0098811116682157,-4.993428571344893,84.33290311453361,523.4079603609244
244,AMD,CNN_SC_Predictor,32,15,-0.119872190773218,-58.070857116739326,-0.0739756141614513,10.523326324474777,10.744922403398846,,-63.17626527050613,-0.0206754247477137,-5.415986066680718,90.88900464144548,368.2373472949388
245,AMD,MLPEncoder_SC_Agent,64,15,-0.1375997052335931,-87.2599497139901,-0.1111591716101784,6.657289204804828,6.825986866151983,,-67.96585924300878,-0.0404927828909151,-4.360063247183241,72.29088480418392,320.3414075699121
246,AMD,GRUEncoder_Agent,32,15,-0.2801981818132737,-203.5075700641537,-0.2592453121836353,5.434753227339717,5.788302395113286,,-89.56609400708442,-0.1086531024076251,-4.098245461881014,65.31677643195259,104.33905992915588
247,AMD,MLP_Predictor,64,15,-0.119872190773218,-58.070857116739326,-0.0739756141614513,10.523326324474777,10.744922403398846,,-63.17626527050613,-0.0206754247477137,-5.415986066680718,90.88900464144548,368.2373472949388
248,AMD,MLPEncoder_Agent,64,15,-0.1030120492921393,-46.39002192076538,-0.0590955693258157,10.148004527541932,10.336337109804838,,-57.959124371849335,-0.016369937351055,-5.304977849973044,89.253479226977,420.4087562815066
249,AMD,MLPEncoder_Agent,32,15,-0.0685799400137465,-24.31490911792821,-0.0309744065196537,8.903186280888729,9.058307969233889,,-44.899073348540654,-0.0080245011780463,-4.944587366608498,83.6002465935218,551.0092665145935
250,AMD,CNNEncoder_Agent,32,15,-0.0638045456047731,-18.207659774017984,-0.0231944710497044,9.496776120536214,9.6670025229472,,-42.79288895739298,-0.0052355718282252,-5.097963894321447,86.34216382869339,572.0711104260702
251,HSI,DQN_Agent,64,15,0.0229000679723645,17.958186973158888,0.0294879917457453,1.0908163678355738,1.0915564738364891,,15.764645953746207,0.0271921161814485,-1.6904153387250496,25.774156979654336,1157.646459537462
252,HSI,MLPEncoder_SC_Agent,64,15,-0.0104076728384749,-2.0054279279882152,-0.0032929851034289,1.1951217560767184,1.1980300760749223,,-5.487911994491662,-0.0040668201397984,-1.803549083159854,26.978308869362465,945.1208800550834
253,HSI,MLP_Predictor,64,15,-0.0019338395273682,-0.2322891020466729,-0.0003814270969567,0.0816758716904061,0.0830657789158579,,-0.4821951599692738,-0.0053732151816217,-0.4710065463559346,7.052702025426663,995.1780484003071
254,HSI,CNNEncoder_Agent,64,15,0.0033366415495228,3.0404423852347806,0.0049925162319126,0.1025150853430808,0.1037158335277395,,2.763843672730218,0.0120857904744064,-0.522264179075898,7.901372474066528,1027.6384367273022
255,HSI,CNN_Predictor,64,15,0.0026328514876272,2.8390787905929864,0.0046618699352922,0.1760069720810296,0.179124294678686,,2.3243451198896423,0.0084176034004526,-0.6862030647323263,10.353175647952035,1023.2434511988964
256,HSI,MLP_Predictor,32,15,0.02108765578126,14.981912599888004,0.0246008417075336,0.4729050276214146,0.4765830878367211,,14.494186948222318,0.0341929014585528,-1.1078391035035229,16.970538053386566,1144.9418694822232
257,HSI,CNNEncoder_SC_Agent,32,15,0.0110214082477577,11.348600158606043,0.0186348114262825,1.2920635764294046,1.2992158672944554,,7.687169537416685,0.0154172137821592,-1.853211363890856,28.051144683337032,1076.8716953741668
258,HSI,GRU_SC_Predictor,64,15,0.0104428939378564,7.68724351931324,0.0126227315588066,0.2069446874770755,0.2089476250639609,,7.308479379611185,0.0253213136972997,-0.7365041051346656,11.22627786372398,1073.084793796112
259,HSI,DQN_SC_Agent,64,15,-0.0293230124191357,-13.805657544052885,-0.0226693884138799,1.098948412889434,1.107721767566901,,-15.77342954906178,-0.0227623534721518,-1.748971761585144,25.87005186406988,842.2657045093822
260,HSI,CNNEncoder_SC_Agent,64,15,-0.0215219129880983,-9.939326887043398,-0.0163207338046689,0.8113854447784178,0.8149024554914567,,-11.67429178218157,-0.0194307513681646,-1.4996645343466324,22.22911909793225,883.2570821781843
261,HSI,GRU_Predictor,32,15,0.0007260239067052,1.766331404232924,0.0029003799741098,0.2050034978943786,0.2083090595280073,,1.1429878976980037,0.0038927946769761,-0.7427046860102174,11.173501251518102,1011.42987897698
262,HSI,GRUEncoder_SC_Agent,64,15,-0.0019338395273682,-0.2322891020466729,-0.0003814270969567,0.0816758716904061,0.0830657789158579,,-0.4821951599692738,-0.0053732151816217,-0.4710065463559346,7.052702025426663,995.1780484003071
263,HSI,GRUEncoder_Agent,64,15,-0.0156945616735182,-5.445017944389143,-0.0089409161648426,1.1191088538661451,1.1275565329997663,,-8.48285003116082,-0.0095524472499246,-1.751006016253135,26.106269208841056,915.1714996883918
264,HSI,MLPEncoder_Agent,32,15,-0.0306817891190358,-13.7594191797873,-0.0225934633494044,1.3849595385578068,1.39591500055476,,-16.467731902526317,-0.0202099641953896,-1.9605621581906607,29.04204467632581,835.3226809747368
265,HSI,MLPEncoder_Agent,64,15,0.0053364174267045,6.982204651834101,0.0114650322690215,0.9946295852056948,1.0017436633777368,,4.02296404524825,0.01036978438906,-1.630859200705241,24.611570802983465,1040.2296404524825
266,HSI,DQN_Agent,32,15,-0.0093351987135892,-2.024024757403424,-0.0033235217691353,0.9721917917582364,0.9779861923109616,,-4.868537200708397,-0.004540434008244,-1.6270175354026473,24.332381740815386,951.314627992916
267,HSI,GRU_SC_Predictor,32,15,0.0104782037510187,7.696948838928595,0.0126386680442177,0.2030633941231903,0.2050667677021374,,7.33155471470452,0.0255985626315552,-0.7294298974427896,11.120503901398664,1073.3155471470452
268,HSI,CNN_SC_Predictor,64,15,0.0072484166888431,5.785812879664299,0.0095005137597114,0.2213201891581155,0.2234883634398157,,5.241217589770781,0.0178232324157171,-0.7652087173313138,11.60965095070874,1052.4121758977078
269,HSI,CNN_SC_Predictor,32,15,0.0166334409145818,12.147818766504754,0.0199471572520603,0.4340017215150966,0.436117383727341,,11.430714076056985,0.0286136800132408,-1.0649134523054795,16.257522824916894,1114.3071407605698
270,HSI,GRUEncoder_SC_Agent,32,15,0.005852082871538,9.64222363833398,0.0158328795374942,1.76743868522395,1.7729858297374723,,4.350133177602265,0.0110693027934588,-2.1734424984707985,32.808080701275195,1043.5013317760229
271,HSI,MLP_SC_Predictor,32,15,0.0072519807959636,6.182434256901459,0.0101517803890007,0.3498896348262681,0.3538504560119742,,5.243501752973838,0.0152701152505521,-0.9639262606994526,14.59735550054178,1052.4350175297384
272,HSI,GRU_Predictor,64,15,0.003608062705851,4.737246353700348,0.0077787296448281,0.6054124549868009,0.6079621258670095,,2.933842224031764,0.0085464061277298,-1.2735303101610027,19.201463097560083,1029.3384222403176
273,HSI,GRUEncoder_Agent,32,15,0.0466091998367224,32.27724036595853,0.053000394689587,1.0524362564709002,1.0514553240857536,,33.74000651103092,0.0506474954960413,-1.636374807660395,25.316668030978686,1337.4000651103092
274,HSI,CNN_Predictor,32,15,0.0147561445321686,10.68383654093718,0.0175432455516209,0.3288358097165975,0.3304592864547012,,10.164208633480824,0.0286778839577162,-0.9267736655312292,14.151360645443528,1101.6420863348085
275,HSI,DQN_SC_Agent,32,15,-0.0296577589418034,-14.065589065514152,-0.0230962053620922,1.0847887080824752,1.0871397252947268,,-15.945010015940214,-0.0233211896060381,-1.7382410110979525,25.70284659764804,840.5498998405978
276,HSI,CNNEncoder_Agent,32,15,-0.0205063772303337,-7.493604735072019,-0.0123047696799212,1.409183743231153,1.4177241237161642,,-11.126223259277172,-0.0113512658239342,-1.967148414261512,29.2949295890564,888.7377674072283
277,HSI,MLP_SC_Predictor,64,15,-0.0013799407760139,0.1554250307823362,0.0002552135152419,0.0982700584063762,0.0996306981822849,,-0.1459249686724433,-0.0028519163383493,-0.5159695352466643,7.736049739336162,998.5407503132756
278,HSI,MLPEncoder_SC_Agent,32,15,0.0111485778134579,10.689419055026846,0.0175524122414233,1.05202692915846,1.0557455162022014,,7.770592280986397,0.0160295144996457,-1.6714942311779628,25.311744306892443,1077.705922809864
279,GOOGL,CNN_SC_Predictor,64,15,0.0091041308291073,5.4422387740629965,0.0101534305486249,0.0728204358754558,0.0717881153348747,,5.38924406597439,0.035191103632226,-0.4342269244441911,6.247539806135239,1053.892440659744
280,GOOGL,GRUEncoder_Agent,32,15,0.0501358020748021,29.593140064154635,0.0552110822092437,0.8954984459063372,0.8706074815454053,,31.305309618097183,0.0577276360001586,-1.5031232280124216,21.908609426565548,1313.0530961809718
281,GOOGL,MLP_Predictor,64,15,0.0146794089146196,9.915049924019378,0.0184982274701854,0.6357001824621059,0.6229265151317466,,8.58578649155445,0.0223805834925424,-1.2944705012995927,18.45901670728126,1085.8578649155445
282,GOOGL,GRU_Predictor,32,15,0.0091041308291073,5.4422387740629965,0.0101534305486249,0.0728204358754558,0.0717881153348747,,5.38924406597439,0.035191103632226,-0.4342269244441911,6.247539806135239,1053.892440659744
283,GOOGL,MLP_Predictor,32,15,0.0142536877371313,8.217840340299055,0.0153317916796624,0.0786250853383514,0.0775303931573328,,8.338326571726702,0.0523914715598449,-0.446420202175886,6.49176753599175,1083.383265717267
284,GOOGL,DQN_Agent,64,15,0.0841612969449068,53.30745687097057,0.0994542105801689,2.91262670164127,2.933321731521884,,57.555770260310055,0.0579797093130657,-2.710961909291015,39.51161743183542,1575.5577026031006
285,GOOGL,CNNEncoder_SC_Agent,64,15,0.0964918539876791,59.89601904624461,0.1117463041907548,2.9147759916900187,2.9205809625461865,,68.31069286668318,0.0651716661702897,-2.6997065577853467,39.52619298067865,1683.106928666832
286,GOOGL,CNNEncoder_Agent,32,15,-0.0378203020091394,-15.981150375948774,-0.0298155790596059,1.4451030576120234,1.477849319454125,,-18.04998406474157,-0.025426911601087,-2.0094163964492275,27.831191833625173,819.5001593525843
287,GOOGL,CNNEncoder_Agent,64,15,0.0043566710386855,2.929870321680885,0.0054661759732852,0.0846919077393608,0.0839602092043548,,2.7414779458568543,0.0164649512731697,-0.4737695346325326,6.737570967959996,1027.4147794585683
288,GOOGL,CNN_Predictor,32,15,0.0086758659393115,5.212972416010729,0.0097256948059901,0.072927203497149,0.0718948089694928,,5.147621984325519,0.0335758626862532,-0.4349803109121365,6.252118127040778,1051.4762198432552
289,GOOGL,MLP_SC_Predictor,64,15,0.018584924543985,11.848468068566856,0.0221053508741918,0.5761024707215517,0.5630234866615461,,10.882446781690213,0.0282722802287017,-1.2278027516647332,17.572447874634648,1108.824467816902
290,GOOGL,GRU_Predictor,64,15,0.0674084981984624,39.62501803289663,0.073927272449434,1.1896857852884486,1.157308310522506,,44.03444761337872,0.0672750153448086,-1.7222299574910769,25.25215992572929,1440.344476133787
291,GOOGL,DQN_SC_Agent,64,15,0.1227340017063483,70.94393559955587,0.1323580888051415,1.810782312687492,1.7796303461325402,,93.70096181269776,0.0980323297357299,-2.08359894992978,31.154122032252744,1937.0096181269776
292,GOOGL,GRUEncoder_SC_Agent,64,15,0.0472043075582018,31.47439159158406,0.0587208798350448,2.1785030621076173,2.165215928456388,,29.25924675084618,0.0393917355803545,-2.371844467475254,34.17129850166193,1292.5924675084618
293,GOOGL,GRUEncoder_Agent,64,15,0.0757935015433641,44.15994972152714,0.0823879658983715,1.200525523289237,1.1745807588068171,,50.65070592172224,0.0747070717198483,-1.721933489137069,25.36694070011264,1506.5070592172224
294,GOOGL,CNN_Predictor,64,15,0.0109410273219756,6.43374652010065,0.0120032584330236,0.0754200962232611,0.0743703654584578,,6.431901776178598,0.0413358578571487,-0.4402396396987744,6.358079236347089,1064.319017761786
295,GOOGL,CNN_SC_Predictor,32,15,0.0091041308291073,5.4422387740629965,0.0101534305486249,0.0728204358754558,0.0717881153348747,,5.38924406597439,0.035191103632226,-0.4342269244441911,6.247539806135239,1053.892440659744
296,GOOGL,GRU_SC_Predictor,64,15,0.0124818880887778,7.272776726695237,0.0135686132960732,0.0803455674970784,0.0792656343681916,,7.314460467710046,0.0455853464557475,-0.4532080936652457,6.562409936786489,1073.1446046771005
297,GOOGL,CNNEncoder_SC_Agent,32,15,0.0854458440102012,50.74811632859912,0.0946793215085804,1.7143155960262713,1.710537635111092,,58.64338646282879,0.0719216470494212,-2.061444027144752,30.312920668752483,1586.433864628288
298,GOOGL,DQN_Agent,32,15,0.0769284645674606,49.45915495868523,0.0922745428333679,2.923969456501918,2.9437551968065754,,51.56926442796369,0.053660527441606,-2.7236086157033697,39.58847848408711,1515.6926442796369
299,GOOGL,MLP_SC_Predictor,32,15,0.0091041308291073,5.4422387740629965,0.0101534305486249,0.0728204358754558,0.0717881153348747,,5.38924406597439,0.035191103632226,-0.4342269244441911,6.247539806135239,1053.892440659744
300,GOOGL,MLPEncoder_SC_Agent,64,15,0.0677566023071341,42.85266407697714,0.079949000143614,2.2945980752463964,2.310825303695884,,44.30326159467809,0.0524225610047521,-2.414539619676272,35.069995271343686,1443.0326159467809
301,GOOGL,MLPEncoder_Agent,64,15,0.0690159013270186,45.99787356999016,0.0858169283022204,3.222493513098169,3.2319484487527586,,45.27991043227139,0.0475104754045395,-2.8703179149159666,41.56027578133497,1452.799104322714
302,GOOGL,DQN_SC_Agent,32,15,0.0564391026595778,41.300554018706,0.0770532724229589,3.983180039015135,3.998021145850216,,35.81489826651184,0.0383341866137564,-3.2095189696384074,46.2058924912409,1358.1489826651184
303,GOOGL,GRUEncoder_SC_Agent,32,15,0.0091041308291073,5.4422387740629965,0.0101534305486249,0.0728204358754558,0.0717881153348747,,5.38924406597439,0.035191103632226,-0.4342269244441911,6.247539806135239,1053.892440659744
304,GOOGL,GRU_SC_Predictor,32,15,0.0091041308291073,5.4422387740629965,0.0101534305486249,0.0728204358754558,0.0717881153348747,,5.38924406597439,0.035191103632226,-0.4342269244441911,6.247539806135239,1053.892440659744
305,GOOGL,MLPEncoder_SC_Agent,32,15,0.0643169147510391,43.05935643596208,0.0803346202163471,3.052434342632554,3.081490596465541,,41.668880908538334,0.0456722614877981,-2.796741683285425,40.44879241276616,1416.6888090853834
306,GOOGL,MLPEncoder_Agent,32,15,0.0961474892346325,61.37118214622669,0.114498474153408,3.538994290886188,3.539090344964701,,68.00061075055285,0.0606109533460122,-2.983406881857124,43.55342627067355,1680.0061075055285
307,AAL,CNNEncoder_Agent,32,15,-0.0538246016683063,1.2118372805873854,0.002260890448857,15.136197582165025,14.132401059808965,,-31.119989441117607,0.0044811906899356,-6.404471864856024,90.07220383692436,688.800105588824
308,AAL,MLPEncoder_Agent,64,15,-0.2033355571217088,-60.52675379662644,-0.1129230481280344,22.09079912668741,20.992145490173243,,-69.1247342463344,-0.0209145718494902,-7.852797708969173,108.8148350727255,308.752657536656
309,AAL,CNN_Predictor,64,15,-0.1594132277033533,-39.97639733007421,-0.0745828308396906,20.965159576742312,19.873541877663943,,-60.912338053373375,-0.0130591776935846,-7.614686216139533,106.00625233038794,390.87661946626633
310,AAL,DQN_Agent,64,15,-0.18322730737097,-52.776886717377806,-0.0984643408906302,20.948076509258502,19.863103963843862,,-65.60386016724411,-0.0183068288280028,-7.635495144166811,105.96305492464134,343.96139832755887
311,AAL,MLP_Predictor,64,15,-0.1646043054360224,-39.67705499609056,-0.0740243563359898,22.12272055296304,21.024186469285148,,-61.98664525853793,-0.0125917391088213,-7.819489096727996,108.89342595578572,380.1335474146207
312,AAL,CNNEncoder_Agent,64,15,-0.0835649008753547,-33.23559171331823,-0.0620067009576832,7.535377975317192,7.495897217012372,,-41.27600432200181,-0.0172688349223477,-4.582446971720215,63.552833097903786,587.2399567799819
313,AAL,GRUEncoder_Agent,64,15,-0.2652391771262419,-106.8292090979573,-0.1993082259290248,16.444995183870446,16.398221291302136,,-77.860290870762,-0.0456786540057553,-6.877287853289237,93.88566141085953,221.3970912923801
314,AAL,GRU_Predictor,64,15,-0.2097636783643275,-101.61485128519892,-0.1895799464276099,7.127373408946733,7.233088441432411,,-70.17254258568502,-0.0660305490736735,-4.585937141360519,61.8083501413478,298.2745741431498
315,AAL,GRU_Predictor,32,15,-0.1109038399903505,-20.479720283061045,-0.0382084333639198,18.540922009882863,17.43425552416246,,-49.28766925547308,-0.0054012570384308,-7.128986261417322,99.68918796588332,507.1233074452692
316,AAL,MLP_Predictor,32,15,-0.1780963020973192,-47.47390408400021,-0.0885707165746272,21.91117621068636,20.813652845441883,,-64.64300298674405,-0.0157744931728579,-7.796914229844395,108.37153892479284,353.56997013255955
317,AAL,DQN_Agent,32,15,-0.1602768266570353,-37.287300181918006,-0.0695658585483545,22.14588516615758,21.05178339871549,,-61.09314077901229,-0.0116333802814844,-7.81908466071799,108.95042197743184,389.0685922098772
318,AAL,CNNEncoder_SC_Agent,64,15,-0.1063439164956103,-24.84379307021648,-0.0463503602056277,15.879424245542769,14.887387919478556,,-48.03154713782079,-0.0078943897728043,-6.608491852696972,92.25709401238976,519.6845286217921
319,AAL,CNN_Predictor,32,15,-0.1895070174823154,-53.79292901154775,-0.1003599421857234,21.834309045121408,20.73890106716892,,-66.74443070057275,-0.0183368924563875,-7.79517065643381,108.18128141312192,332.5556929942724
320,AAL,DQN_SC_Agent,64,15,-0.0427882913106691,5.925123958275343,0.011054335743051,15.077247084538286,13.474142595272264,,-26.920402319812105,0.0067681965973655,-6.383190192755616,89.89663195755735,730.795976801879
321,AAL,CNN_SC_Predictor,32,15,-0.18918844617819,-53.25631260210479,-0.0993587921681059,21.97164268372952,20.8755238029954,,-66.6874889937845,-0.0180646286550608,-7.81833101887971,108.520967920854,333.12511006215493
322,AAL,CNNEncoder_SC_Agent,32,15,-0.1834456828482822,-49.47907557396609,-0.0923117081603845,22.232826394026983,21.13688617685106,,-65.64417090092452,-0.0164563300932669,-7.857027299899093,109.16407351871064,343.5582909907547
323,AAL,GRU_SC_Predictor,64,15,-0.1025457406341301,-12.589686134181228,-0.0234882203995918,19.840375562515128,18.692570309600992,,-46.96159007099934,-0.0018992045174614,-7.358539576163399,103.1234275104746,530.3840992900066
324,AAL,GRUEncoder_Agent,32,15,-0.1377768253286726,-63.81640910050718,-0.1190604647397522,6.59733090272086,7.077491178062745,,-56.09840873569725,-0.0409315835012733,-4.348787569336082,59.46569905296987,439.0159126430275
325,AAL,GRU_SC_Predictor,32,15,-0.1866579897912945,-51.472251980752105,-0.0960303208596121,22.13152960929865,21.035472227731983,,-66.23172288004967,-0.0172881820044396,-7.843036992866108,108.91510395984604,337.6827711995034
326,AAL,CNN_SC_Predictor,64,15,-0.1285357058429692,-23.60598551569897,-0.0440410177531697,20.89342708998748,19.806839183873592,,-53.86605510523375,-0.0063683125975703,-7.57123408377677,105.82474625640872,461.3394489476625
327,AAL,MLPEncoder_SC_Agent,64,15,-0.2420661027834558,-100.35477572561052,-0.1872290591895718,14.193242200898208,14.180442825843338,,-74.92437332215239,-0.0459716738175819,-6.391189521820428,87.22142981906133,250.7562667784761
328,AAL,MLPEncoder_SC_Agent,32,15,-0.1720549044153196,-45.79440292734655,-0.0854373188943032,21.29200155350393,20.247136738526702,,-63.47726322936072,-0.0153212765995725,-7.684087635143948,106.8293631576923,365.2273677063928
329,AAL,GRUEncoder_SC_Agent,64,15,0.1713127550220461,102.1353454449952,0.1905510176212597,7.816465835991904,6.660820608436247,,130.0724557278896,0.0742950782847881,-4.413429015765313,64.7273179429803,2300.724557278896
330,AAL,MLP_SC_Predictor,32,15,-0.156143466543579,-37.2155363307853,-0.0694319707663904,21.33990804016185,20.251709320854864,,-60.2201508393447,-0.0118231343451945,-7.676625873382478,106.94947736911458,397.79849160655306
331,AAL,MLPEncoder_Agent,32,15,-0.2413124315841619,-105.14122665271488,-0.1961590049490949,12.229498736594495,12.246903369334197,,-74.82262458090838,-0.0521282689984766,-5.954966255215908,80.96302441741322,251.77375419091624
332,AAL,DQN_SC_Agent,32,15,-0.1495551496714431,-44.982716765949135,-0.0839229790409498,16.794624481896594,16.14683778164716,,-58.788064174131215,-0.0168927011328953,-6.832517940529559,94.87844182055572,412.11935825868784
333,AAL,MLP_SC_Predictor,64,15,-0.035884680931908,24.18309939842625,0.0451177227582579,20.20206201677318,19.097687310383268,,-24.164453077126563,0.0134572339154096,-7.3564900043741535,104.0591429956562,758.3554692287344
334,AAL,GRUEncoder_SC_Agent,32,15,-0.1834456828482822,-49.47907557396609,-0.0923117081603845,22.232826394026983,21.13688617685106,,-65.64417090092452,-0.0164563300932669,-7.857027299899093,109.16407351871064,343.5582909907547
335,DJI,GRUEncoder_Agent,32,15,0.0017000095450914,1.0858326130089324,0.0022114717169224,0.0112966015499882,0.0111221427302468,,1.0640514829188192,0.0166227707906984,-0.1728143478209662,2.355128735556562,1010.6405148291882
336,DJI,GRU_SC_Predictor,64,15,0.0465041720874692,23.97150496762274,0.0488218023780503,0.3708527924223124,0.3741890120662643,,25.925431927089765,0.0795899404147806,-0.9540120623452224,13.494025384567625,1259.2543192708977
337,DJI,MLPEncoder_SC_Agent,32,15,0.0006365509329864,0.5627680025900049,0.0011461670113849,0.0109273553772473,0.010753325473636,,0.5377187620998825,0.0066450414482966,-0.1709953984619559,2.316318520892252,1005.3771876209988
338,DJI,CNN_Predictor,32,15,0.0006365509329864,0.5627680025900049,0.0011461670113849,0.0109273553772473,0.010753325473636,,0.5377187620998825,0.0066450414482966,-0.1709953984619559,2.316318520892252,1005.3771876209988
339,DJI,MLPEncoder_SC_Agent,64,15,0.0141592768273524,7.287499583652578,0.0148421580115123,0.0457336525312382,0.0454148081363321,,7.439150000610062,0.0674733160166902,-0.3373228152988147,4.738694270876522,1074.3915000061006
340,DJI,GRUEncoder_SC_Agent,64,15,0.034695706865051,18.18590552917699,0.0370385041327433,0.3757627684239927,0.3793386626222043,,18.83475176968118,0.0598055055355963,-0.9724121363279958,13.58306001224247,1188.3475176968118
341,DJI,CNNEncoder_Agent,64,15,0.0006365509329864,0.5627680025900049,0.0011461670113849,0.0109273553772473,0.010753325473636,,0.5377187620998825,0.0066450414482966,-0.1709953984619559,2.316318520892252,1005.3771876209988
342,DJI,CNNEncoder_Agent,32,15,0.0333772619193428,17.139721827260885,0.0349077837622421,0.2137522860582009,0.2161889481131048,,18.068212018992018,0.0746816291890867,-0.7264408953017651,10.244626516109635,1180.6821201899202
343,DJI,CNN_SC_Predictor,32,15,0.0006365509329864,0.5627680025900049,0.0011461670113849,0.0109273553772473,0.010753325473636,,0.5377187620998825,0.0066450414482966,-0.1709953984619559,2.316318520892252,1005.3771876209988
344,DJI,CNN_SC_Predictor,64,15,0.0006365509329864,0.5627680025900049,0.0011461670113849,0.0109273553772473,0.010753325473636,,0.5377187620998825,0.0066450414482966,-0.1709953984619559,2.316318520892252,1005.3771876209988
345,DJI,MLP_Predictor,64,15,0.0006365509329864,0.5627680025900049,0.0011461670113849,0.0109273553772473,0.010753325473636,,0.5377187620998825,0.0066450414482966,-0.1709953984619559,2.316318520892252,1005.3771876209988
346,DJI,DQN_Agent,32,15,0.0076157825382061,4.841484594098452,0.0098604574217891,0.3558269061930845,0.3598979841456665,,4.042511646504841,0.0157996981825726,-0.9724473747364278,13.217829282480707,1040.4251164650484
347,DJI,GRU_Predictor,64,15,0.0006365509329864,0.5627680025900049,0.0011461670113849,0.0109273553772473,0.010753325473636,,0.5377187620998825,0.0066450414482966,-0.1709953984619559,2.316318520892252,1005.3771876209988
348,DJI,GRU_Predictor,32,15,0.0006365509329864,0.5627680025900049,0.0011461670113849,0.0109273553772473,0.010753325473636,,0.5377187620998825,0.0066450414482966,-0.1709953984619559,2.316318520892252,1005.3771876209988
349,DJI,GRUEncoder_Agent,64,15,0.0031673918730934,1.815597928880512,0.0036977554559684,0.0151193736023592,0.0148907190551964,,1.7948141052466438,0.0265036015427234,-0.1987882970474077,2.724630697683341,1017.9481410524664
350,DJI,MLP_Predictor,32,15,0.0006365509329864,0.5627680025900049,0.0011461670113849,0.0109273553772473,0.010753325473636,,0.5377187620998825,0.0066450414482966,-0.1709953984619559,2.316318520892252,1005.3771876209988
351,DJI,GRUEncoder_SC_Agent,32,15,0.07620107831241,38.81105471077713,0.0790449179445562,0.4760836918352389,0.4796246271058971,,45.67998431813741,0.1141362718673486,-1.0571945404281275,15.289116805463369,1456.7998431813742
352,DJI,CNNEncoder_SC_Agent,64,15,0.07620107831241,38.81105471077713,0.0790449179445562,0.4760836918352389,0.4796246271058971,,45.67998431813741,0.1141362718673486,-1.0571945404281275,15.289116805463369,1456.7998431813742
353,DJI,MLPEncoder_Agent,64,15,0.0312819219826288,16.490936837733138,0.0335864294047518,0.3681908811734096,0.3716264875793071,,16.860127870896278,0.054716380478921,-0.965641877696388,13.445509386265146,1168.6012787089628
354,DJI,MLP_SC_Predictor,64,15,0.0024006695781064,1.4311786561426043,0.0029148241469299,0.0118364494650245,0.0116605808247798,,1.4123277451741043,0.0227411309451565,-0.1762443032885799,2.4107460852041296,1014.123277451741
355,DJI,DQN_Agent,64,15,0.055144818549313,28.41736481776639,0.0578765067571616,0.4536115476302705,0.45723190594836,,31.38000745181903,0.0854350448148606,-1.0512223699607377,14.923916037235765,1313.8000745181905
356,DJI,GRU_SC_Predictor,32,15,0.0006365509329864,0.5627680025900049,0.0011461670113849,0.0109273553772473,0.010753325473636,,0.5377187620998825,0.0066450414482966,-0.1709953984619559,2.316318520892252,1005.3771876209988
357,DJI,DQN_SC_Agent,32,15,0.0322698692293066,17.104620904829645,0.0348362951218526,0.4205360888328766,0.4241786010991599,,17.42819159787564,0.0531286664894133,-1.0330618941564822,14.36952398713828,1174.2819159787564
358,DJI,CNNEncoder_SC_Agent,32,15,0.0166887150773398,8.482055536239082,0.0172750621919329,0.0264047914704708,0.0260571147028853,,8.781607053185917,0.1038869524027862,-0.2503147566362676,3.600660024495673,1087.8160705318592
359,DJI,MLP_SC_Predictor,32,15,0.0677672491403047,33.79459559284236,0.0688280969304325,0.1215031645291696,0.1210408189559718,,39.77472420659768,0.1965881736871934,-0.5051852743050317,7.723862620724316,1397.7472420659767
360,DJI,MLPEncoder_Agent,32,15,0.001021323188266,0.7518681832019999,0.0015312997621221,0.0109992993953229,0.0108251744481017,,0.7278357698621903,0.010319716827089,-0.1711760127652959,2.323931152832109,1007.278357698622
361,DJI,DQN_SC_Agent,64,15,0.0172265034327878,8.89618958335869,0.0181185123897325,0.0877731060411603,0.0872565598683392,,9.069180069223124,0.0597678053372421,-0.4697569186990377,6.564799697341093,1090.6918006922313
362,DJI,CNN_Predictor,64,15,0.0006365509329864,0.5627680025900049,0.0011461670113849,0.0109273553772473,0.010753325473636,,0.5377187620998825,0.0066450414482966,-0.1709953984619559,2.316318520892252,1005.3771876209988
